Workbook

Sheet plantilla
A1: REGISTRO CIBELES MAILING
K3: PEQUEÑAS | N3: MEDIANAS | Q3: GRANDES | T3: CAMPOS A RELLENAR POR CIBELES MAILING
A4: SEDE ORIGEN | B4: FECHA ENTREGA | C4: NUM ORDEN | D4: REMITENTE | E4: DESTINO (CIUDAD) | F4: CÓDIGO POSTAL | G4: SOCIEDAD | H4: TIPO SERVICIO | I4: C. COSTE | J4: ACUSE DE RECIBO (SI/NO) | K4: NAC. | L4: EUR | M4: MUN | N4: NAC. | O4: EUR. | P4: MUN. | Q4: NAC. | R4: EUR. | S4: MUN. | T4: FECHA ENVÍO | U4: Nº SEGUIMIENTO | V4: DESCRIPCION | W4: GRAMOS | X4: UNITARIO | Y4: UNIDADES | Z4: TOTAL (€) | AA4: CODIGO CLIENTE
A5: ARROYO | B5: 46196 | C5: 1 | D5: INDRA SISTEMAS, S.A | E5: MADRID | F5: 28046 | G5: INDRA SISTEMAS, SA | H5: Ordinario | I5: 7218/CO1005-1 | K5: 1 | T5: 46199 | V5: Local | W5: 20 | X5: 0.96 | Z5: 0.96 | AA5: =VLOOKUP(G5,Opciones!F$3:G$14,2,FALSE) -> 0
A6: ARROYO | B6: 46196 | C6: 1 | D6: INDRA SISTEMAS, S.A | E6: MADRID | F6: 28046 | G6: INDRA SISTEMAS, SA | H6: Ordinario | I6: 7218/CO1005-1 | K6: 1 | T6: 46199 | V6: Local | W6: 100 | X6: 1.75 | Z6: 1.75 | AA6: =VLOOKUP(G6,Opciones!F$3:G$14,2,FALSE) -> 0
A7: ARROYO | B7: 46196 | C7: 1 | D7: INDRA SISTEMAS, S.A | E7: MADRID | F7: 28046 | G7: INDRA SISTEMAS, SA | H7: Ordinario | I7: 7218/CO1005-1 | J7: SI | K7: 1 | T7: 46199 | V7: Local | W7: 20 | X7: 0.96 | Z7: 0.96 | AA7: =VLOOKUP(G7,Opciones!F$3:G$14,2,FALSE) -> 0
AA8: =VLOOKUP(G8,Opciones!F$3:G$14,2,FALSE) -> 0
AA9: =VLOOKUP(G9,Opciones!F$3:G$14,2,FALSE) -> 0
AA10: =VLOOKUP(G10,Opciones!F$3:G$14,2,FALSE) -> 0
AA11: =VLOOKUP(G11,Opciones!F$3:G$14,2,FALSE) -> 0
AA12: =VLOOKUP(G12,Opciones!F$3:G$14,2,FALSE) -> 0
AA13: =VLOOKUP(G13,Opciones!F$3:G$14,2,FALSE) -> 0
AA14: =VLOOKUP(G14,Opciones!F$3:G$14,2,FALSE) -> 0
AA15: =VLOOKUP(G15,Opciones!F$3:G$14,2,FALSE) -> 0
AA16: =VLOOKUP(G16,Opciones!F$3:G$14,2,FALSE) -> 0
AA17: =VLOOKUP(G17,Opciones!F$3:G$14,2,FALSE) -> 0
AA18: =VLOOKUP(G18,Opciones!F$3:G$14,2,FALSE) -> 0
AA19: =VLOOKUP(G19,Opciones!F$3:G$14,2,FALSE) -> 0
... AA4828: =VLOOKUP(G4828,Opciones!F$3:G$14,2,FALSE) -> 0

Sheet Opciones
A1: Destino | B1: Tipo Servicio | C1: Acuse Recibo | D1: Gramos | F1: Sociedades
A2: Local | B2: Certificado | D2: 20
A3: Destino1 | B3: Ordinario | C3: Acuse de Recibo | D3: 50 | F3: TEKNEI BPO SERVICIOS S.L. | G3: 3215
A4: Destino2 | C4: PEE | D4: 100 | F4: INDRA BUSINESS CONSULTING, SLU | G4: 2268
A5: Z1 | D5: 500 | F5: INDRA CORPORATE SERVICES, SL | G5: 2249
A6: Z2 | D6: 1000 | F6: INDRA FACTORIA TECNOLOGICA, SLU | G6: 2616
A7: Z3 | D7: 2000 | F7: INDRA GESTIÓN DE USUARIOS, SL | G7: 2887
F8: INDRA PRODUCCION SW, S.L. | G8: 2389
F9: INDRA SISTEMAS, SA | G9: 482
F10: INDRA SOLUCIONES TI | G10: 2387
F11: MINSAIT PAYMENT SYSTEMS, SL | G11: 2569
F12: PROINTEC, SA | G12: 813
F13: SISTEMAS INFORMATICOS ABIERTOS, SAU | G13: 2652
F14: INDRA ESPACIO S.L.U. | G14: 3144

Sheet sedes recogida fija
A1: codigo | B1: alias | C1: pais | D1: comunidad | E1: provincia | F1: poblacion | G1: direccion_linea_1 | H1: direccion_linea_2 | I1: codigo_postal | J1: Frecuencia | K1: activo (si/no)
A2: ESCMAD03 | B2: ARROYO | C2: España | D2: Comunidad de Madrid | E2: Madrid | F2: Alcobendas | G2: Avenida de Bruselas, 35 | I2: 28108 | J2: Recogida diaria | K2: si
A3: ESCMAD16 | B3: TORREJÓN | C3: España | D3: Comunidad de Madrid | E3: Madrid | F3: Torrejón de Ardoz | G3: Carretera de Loeches, 9 | I3: 28850 | J3: Recogida diaria | K3: si
A4: ESCMAD78 | B4: JAPON2 | C4: España | D4: Comunidad de Madrid | E4: Madrid | F4: San Fernando de Henares | G4: Avenida de Castilla, 2 | H4: Edificio Japon | I4: 28830 | J4: Recogida diaria | K4: si
A5: ESCMAD77 | B5: NAVE SIMULACION | C5: España | D5: Comunidad de Madrid | E5: Madrid | F5: Coslada | G5: Avenida de Europa nº4 | I5: 28821 | J5: no | K5: sale desde Japon2
A6: ESCMAD04 | B6: ARANJUEZ | C6: España | D6: Comunidad de Madrid | E6: Madrid | F6: Aranjuez | G6: c/ Joaquín Rodrigo, 11 | I6: 28300 | J6: no | K6: sale desde Arroyo
A7: ESCMAD52 | B7: MIGUEL YUSTE | C7: España | D7: Comunidad de Madrid | E7: Madrid | F7: Madrid | G7: MADRID, MIGUEL YUSTE 45, 45 BIS Y CRONOS | I7: 28037 | J7: no | K7: sale desde Arroyo
